url,name,img,meta,AC,HP,movement,fly,swim,str,dex,con,int,wis,cha,tidbits,CR,attributes,source
http://dndroll.wikidot.com/creatures:spider,Spider,https://media-waterdeep.cursecdn.com/avatars/thumbnails/16/575/1000/1000/636376359864842950.jpeg,"Tiny beast, unaligned",12,1 (1d4 - 1),"Speed 20 ft., climb 20 ft.",False,False,2 (-4),14 (+2),8 (-1),1 (-5),10 (+0),2 (-4),"Stealth +4, Darkvision 30', Passive Perception 10, CR 0 (10 XP)",0.0,"Spider Climb. The spider can climb difficult surfaces, including upside down on ceilings, without needing to make an ability check.<br>Web Sense. While in contact with a web, the spider knows the exact location of any other creature in contact with the same web.<br>Web Walker. The spider ignores movement restrictions caused by webbing.<br>Bite. Melee Weapon Attack: +4 to hit, reach 5', one creature. Hit: 1 piercing damage, and the target must succeed on a DC 9 Constitution saving throw or take 2 (1d4) poison damage.<br>Source: Monster Manual",Monster Manual
http://dndroll.wikidot.com/creatures:blood-hawk,Blood Hawk,https://external-content.duckduckgo.com/iu/?u=https%3A%2F%2Fstatic.wikia.nocookie.net%2Fforgottenrealms%2Fimages%2Fd%2Fdf%2FHawk_5e.jpg%2Frevision%2Flatest%3Fcb%3D20210408132609&f=1&nofb=1&ipt=b5db57fabfb8ad363fea0d61eb363240aa94fd30407a41bb532561c6428a52fa&ipo=images,"Small beast, unaligned",12,7 (2d6),"Speed 10 ft., fly 60 ft.",True,False,6 (-2),14 (+2),10 (+0),3 (-4),14 (+2),5 (-3),"Perception +4, Passive Perception 14, CR 1/8 (25 XP)",0.125,"Keen Sight. The hawk has advantage on Wisdom (Perception) checks that rely on sight.<br>Pack Tactics. The hawk has advantage on an attack roll against a creature if at least one of the hawk's allies is within 5 feet of the creature and the ally isn't incapacitated.<br>Beak. Melee Weapon Attack: +4 to hit, reach 5', one target. Hit: 4 (1d4 + 2) piercing damage.<br>Taking its name from its crimson feathers and aggressive nature, the blood hawk fearlessly attacks almost any animal, stabbing it with its daggerlike beak. Blood hawks flock together in large numbers, attacking as a pack to take down prey.<br>Source: Monster Manual",Monster Manual
http://dndroll.wikidot.com/creatures:badger,Badger,https://media-waterdeep.cursecdn.com/avatars/thumbnails/16/528/1000/1000/636376327632236333.jpeg,"Tiny beast, unaligned",10,3 (1d4 + 1),"Speed 20 ft., burrow 5 ft.",False,False,4 (-3),11 (+0),12 (+1),2 (-4),12 (+1),5 (-3),"Darkvision 30', Passive Perception 11, CR 0 (10 XP)",0.0,"Keen Smell. The badger has advantage on Wisdom (Perception) checks that rely on smell.<br>Bite. Melee Weapon Attack: +2 to hit, reach 5', one target. Hit: 1 piercing damage.<br>Source: Monster Manual",Monster Manual
http://dndroll.wikidot.com/creatures:bat,Bat,https://media-waterdeep.cursecdn.com/avatars/thumbnails/18/305/1000/1000/636379812593010967.jpeg,"Tiny beast, unaligned",12,1 (1d4 - 1),"Speed 5 ft., fly 30 ft.",True,False,2 (-4),15 (+2),8 (-1),2 (-4),12 (+1),4 (-3),"Blindsight 60', Passive Perception 11, CR 0 (10 XP)",0.0,"Echolocation. The bat can't use its blindsight while deafened.<br>Keen Hearing. The bat has advantage on Wisdom (Perception) checks that rely on hearing.<br>Bite. Melee Weapon Attack: +0 to hit, reach 5', one creature. Hit: 1 piercing damage.<br>Source: Monster Manual",Monster Manual
http://dndroll.wikidot.com/creatures:cat,Cat,https://external-content.duckduckgo.com/iu/?u=http%3A%2F%2Fgetwallpapers.com%2Fwallpaper%2Ffull%2Fc%2Fc%2F0%2F157216.jpg&f=1&nofb=1&ipt=424449e3639c12f661c2a0b0cd968b49a3f0a6c05f8c198fe1c6ea38bc75764e&ipo=images,"Tiny beast, unaligned",12,2 (1d4),"Speed 40 ft., climb 30 ft.",False,False,3 (-4),15 (+2),10 (+0),3 (-4),12 (+1),7 (-2),"Perception +3, Stealth +4, Passive Perception 13, CR 0 (10 XP)",0.0,"Keen Smell. The cat has advantage on Wisdom (Perception) checks that rely on smell.<br>Claws. Melee Weapon Attack: +0 to hit, reach 5', one target. Hit: 1 slashing damage.<br>Source: Monster Manual",Monster Manual
http://dndroll.wikidot.com/creatures:crab,Crab,https://external-content.duckduckgo.com/iu/?u=https%3A%2F%2Fnaturetingz.com%2Fwp-content%2Fuploads%2F2020%2F09%2FStone-Crab.jpg&f=1&nofb=1&ipt=75c4c1c8ceeca13ad6ee6b58ae8860119a825edd75510b7043526deab38777a1&ipo=images,"Tiny beast, unaligned",11,2 (1d4),"Speed 20 ft., swim 20 ft.",False,True,2 (-4),11 (+0),10 (+0),1 (-5),8 (-1),2 (-4),"Stealth +2, Blindsight 30', Passive Perception 9, CR 0 (10 XP)",0.0,"Amphibious. The crab can breathe air and water.<br>Claw. Melee Weapon Attack: +0 to hit, reach 5', one target. Hit: 1 bludgeoning damage.<br>Source: Monster Manual",Monster Manual
http://dndroll.wikidot.com/creatures:deer,Deer,https://external-content.duckduckgo.com/iu/?u=http%3A%2F%2Fupload.wikimedia.org%2Fwikipedia%2Fcommons%2Fb%2Fb7%2FWhite-tailed_deer.jpg&f=1&nofb=1&ipt=49bcc459e88cd243ac6d3fdf268db3ca1f5ed2220636e0f17ea5ef0c1798d35a&ipo=images,"Medium beast, unaligned",13,4 (1d8),Speed 50 ft.,False,False,11 (+0),16 (+3),11 (+0),2 (-4),14 (+2),5 (-3),"Passive Perception 12, CR 0 (10 XP)",0.0,"Bite. Melee Weapon Attack: +2 to hit, reach 5', one target. Hit: 2 (1d4) piercing damage.<br>Source: Monster Manual",Monster Manual
http://dndroll.wikidot.com/creatures:eagle,Eagle,https://media-waterdeep.cursecdn.com/avatars/thumbnails/16/515/1000/1000/636376317171111968.jpeg,"Small beast, unaligned",12,3 (1d6),"Speed 10 ft., fly 60 ft.",True,False,6 (-2),15 (+2),10 (+0),2 (-4),14 (+2),7 (-2),"Perception +4, Passive Perception 14, CR 0 (10 XP)",0.0,"Keen Sight. The eagle has advantage on Wisdom (Perception) checks that rely on sight.<br>Talons. Melee Weapon Attack: +4 to hit, reach 5', one target. Hit: 4 (1d4 + 2) slashing damage.<br>Source: Monster Manual",Monster Manual
http://dndroll.wikidot.com/creatures:fox,Fox,https://media-waterdeep.cursecdn.com/avatars/thumbnails/12734/866/1000/1000/637357081627770899.jpeg,"Tiny beast, unaligned",13,2 (1d4),"Speed 30 ft., burrow 5 ft.",False,False,2 (-4),16 (+3),11 (+0),3 (-4),12 (+1),6 (-2),"Perception +3, Stealth +5, darkvision 60', passive Perception 13, -, CR 0 (10 XP)",0.0,"Keen Hearing. The fox has advantage on Wisdom (Perception) checks that rely on hearing.<br>Bite. Melee Weapon Attack: +5 to hit, reach 5', one creature. Hit: 1 piercing damage.<br>The white arctic foxes of Icewind Dale live in burrows and are acclimated to cold weather. They prowl the outskirts of Ten-Towns and nearby forests for food, hunting hares or stealing fish. These timid creatures avoid contact with humanoids, but they are sometimes used as mounts by Chwingas.<br>Source: Icewind Dale - Rime of the Frostmaiden",Icewind Dale - Rime of the Frostmaiden
http://dndroll.wikidot.com/creatures:frog,Frog,https://media-waterdeep.cursecdn.com/avatars/thumbnails/16/523/1000/1000/636376321230650501.jpeg,"Tiny beast, unaligned",11,1 (1d4 - 1),"Speed 20 ft., swim 20 ft.",False,True,1 (-5),13 (+1),8 (-1),1 (-5),8 (-1),3 (-4),"Perception +1, Stealth +3, Darkvision 30', Passive Perception 11, CR 0 (10 XP)",0.0,"Amphibious. The frog can breathe air and water.<br>Standing Leap. The frog's long jump is up to 10 feet and its high jump is up to 5 feet, with or without a running start.<br>Source: Monster Manual",Monster Manual
http://dndroll.wikidot.com/creatures:goat,Goat,https://external-content.duckduckgo.com/iu/?u=http%3A%2F%2Fupload.wikimedia.org%2Fwikipedia%2Fcommons%2Fb%2Fb5%2FMountain_Goat_USFWS.jpg&f=1&nofb=1&ipt=efac6b10fc324153c8d1de2da12730763e11c78f14a3334655755774ae937d97&ipo=images,"Medium beast, unaligned",10,4 (1d8),Speed 40 ft.,False,False,12 (+1),10 (+0),11 (+0),2 (-4),10 (+0),5 (-3),"Passive Perception 10, CR 0 (10 XP)",0.0,"Charge. If the goat moves at least 20 feet straight toward a target and then hits it with a ram attack on the same turn, the target takes an extra 2 (1d4) bludgeoning damage. If the target is a creature, it must succeed on a DC 10 Strength saving throw or be knocked prone.<br>Sure-Footed. The goat has advantage on Strength and Dexterity saving throws made against effects that would knock it prone.<br>Ram. Melee Weapon Attack: +3 to hit, reach 5', one target. Hit: 3 (1d4 + 1) bludgeoning damage.<br>Source: Monster Manual",Monster Manual
http://dndroll.wikidot.com/creatures:hare,Hare,https://media-waterdeep.cursecdn.com/avatars/thumbnails/12734/898/1000/1000/637357081675169470.jpeg,"Tiny beast, unaligned",13,1 (1d4 - 1),"Speed 20 ft., burrow 5 ft.",False,False,1 (-5),17 (+3),9 (-1),2 (-4),11 (+0),4 (-3),"Perception +2, Stealth +5, passive Perception 12, -, CR 0 (0 XP)",0.0,"Escape. The hare can take the Dash, Disengage, or Hide action as a bonus action on each of its turns.<br>Snowshoe hares are gentle herbivores that live in burrows throughout Icewind Dale. They have shorter ears than other hares and are acclimated to cold weather.<br>Source: Icewind Dale - Rime of the Frostmaiden",Icewind Dale - Rime of the Frostmaiden
http://dndroll.wikidot.com/creatures:hawk,Hawk,https://media-waterdeep.cursecdn.com/avatars/thumbnails/9/900/1000/1000/636334288270143064.jpeg,"Tiny beast, unaligned",13,1 (1d4 - 1),"Speed 10 ft., fly 60 ft.",True,False,5 (-3),16 (+3),8 (-1),2 (-4),14 (+2),6 (-2),"Perception +4, Passive Perception 14, CR 0 (10 XP)",0.0,"Keen Sight. The hawk has advantage on Wisdom (Perception) checks that rely on sight.<br>Talons. Melee Weapon Attack: +5 to hit, reach 5', one target. Hit: 1 slashing damage.<br>Source: Monster Manual",Monster Manual
http://dndroll.wikidot.com/creatures:hyena,Hyena,https://media-waterdeep.cursecdn.com/avatars/thumbnails/9/902/1000/1000/636334288674955736.jpeg,"Medium beast, unaligned",11,5 (1d8 + 1),Speed 50 ft.,False,False,11 (+0),13 (+1),12 (+1),2 (-4),12 (+1),5 (-3),"Perception +3, Passive Perception 13, CR 0 (10 XP)",0.0,"Pack Tactics. The hyena has advantage on an attack roll against a creature if at least one of the hyena's allies is within 5 feet of the creature and the ally isn't incapacitated.<br>Bite. Melee Weapon Attack: +2 to hit, reach 5', one target. Hit: 3 (1d6) piercing damage.<br>Source: Monster Manual",Monster Manual
http://dndroll.wikidot.com/creatures:jackal,Jackal,https://external-content.duckduckgo.com/iu/?u=https%3A%2F%2Fcdn.mos.cms.futurecdn.net%2F4i79RUWRKc7a4fp6V4tzoH-1200-80.jpg&f=1&nofb=1&ipt=e0f995e338140004624788e4b97560393d39fd09535e1cd43ffe6f5e96a43b12&ipo=images,"Small beast, unaligned",12,3 (1d6),Speed 40 ft.,False,False,8 (-1),15 (+2),11 (+0),3 (-4),12 (+1),6 (-2),"Perception +3, Passive Perception 13, CR 0 (10 XP)",0.0,"Keen Hearing and Smell. The jackal has advantage on Wisdom (Perception) checks that rely on hearing or smell.<br>Pack Tactics. The jackal has advantage on an attack roll against a creature if at least one of the jackal's allies is within 5 feet of the creature and the ally isn't incapacitated.<br>Bite. Melee Weapon Attack: +1 to hit, reach 5', one target. Hit: 1 (1d4 – 1) piercing damage.<br>Source: Monster Manual",Monster Manual
http://dndroll.wikidot.com/creatures:lizard,Lizard,https://external-content.duckduckgo.com/iu/?u=http%3A%2F%2Fwww.chameleonwebservices.co.uk%2Fwp-content%2Fuploads%2F2015%2F05%2Fchameleon-image-7.jpg&f=1&nofb=1&ipt=4ea031492f09dad522ddad8d153c8df47520b451b192e9da53eaac051a2c2574&ipo=images,"Tiny beast, unaligned",10,2 (1d4),"Speed 20 ft., climb 20 ft.",False,False,2 (-4),11 (+0),10 (+0),1 (-5),8 (-1),3 (-4),"Darkvision 30', Passive Perception 9, CR 0 (10 XP)",0.0,"Bite. Melee Weapon Attack: +0 to hit, reach 5', one target. Hit: 1 piercing damage.<br>Source: Monster Manual",Monster Manual
http://dndroll.wikidot.com/creatures:octopus,Octopus,https://external-content.duckduckgo.com/iu/?u=https%3A%2F%2Ftse4.mm.bing.net%2Fth%3Fid%3DOIP.DMB4-TX2fjkPTqDnd2fBJwHaHa%26pid%3DApi&f=1&ipt=88354503694ddb5bd23ee3927c664fcb5c20971a5f3ee757a9a47609f8b8b747&ipo=images,"Small beast, unaligned",12,3 (1d6),"Speed 5 ft., swim 30 ft.",False,True,4 (-3),15 (+2),11 (+0),3 (-4),10 (+0),4 (-3),"Perception +2, Stealth +4, Darkvision 30', Passive Perception 12, CR 0 (10 XP)",0.0,"Hold Breath. While out of water, the octopus can hold its breath for 30 minutes.<br>Underwater Camouflage. The octopus has advantage on Dexterity (Stealth) checks made while underwater.<br>Water Breathing. The octopus can breathe only underwater.<br>Tentacles. Melee Weapon Attack: +4 to hit, reach 5', one target. Hit: 1 bludgeoning damage, and the target is grappled (escape DC 10). Until this grapple ends, the octopus can't use its tentacles on another target.<br>Ink Cloud (Recharges after a Short or Long Rest). A 5-foot-radius cloud of ink extends all around the octopus if it is underwater. The area is heavily obscured for 1 minute, although a significant current can disperse the ink. After releasing the ink, the octopus can use the Dash action as a bonus action.<br>Source: Monster Manual",Monster Manual
http://dndroll.wikidot.com/creatures:owl,Owl,https://media-waterdeep.cursecdn.com/avatars/thumbnails/16/533/1000/1000/636376331660233857.jpeg,"Tiny beast, unaligned",11,1 (1d4 - 1),"Speed 5 ft., fly 60 ft.",True,False,3 (-4),13 (+1),8 (-1),2 (-4),12 (+1),7 (-2),"Perception +3, Stealth +3, Darkvision 120', Passive Perception 13, CR 0 (10 XP)",0.0,"Flyby. The owl doesn't provoke opportunity attacks when it flies out of an enemy's reach.<br>Keen Hearing and Sight. The owl has advantage on Wisdom (Perception) checks that rely on hearing or sight.<br>Talons. Melee Weapon Attack: +3 to hit, reach 5', one target. Hit: 1 slashing damage.<br>Source: Monster Manual",Monster Manual
http://dndroll.wikidot.com/creatures:pig,Pig,https://external-content.duckduckgo.com/iu/?u=http%3A%2F%2F2.bp.blogspot.com%2F-6vg5W_mjKr0%2FT9xGozWBEaI%2FAAAAAAAACXU%2FNenjA_shjQY%2Fs1600%2FPig.jpg&f=1&nofb=1&ipt=367dd652d94506dce68e931ac9c806ccecd28ca5a64175a849d3c7dcee6b7127&ipo=images,"Medium beast, unaligned",10,5 (1d8 + 1),Speed 30 ft.,False,False,13 (+1),11 (+0),12 (+1),2 (-4),9 (-1),5 (-3),"Passive Perception 9, CR 0 (0 XP)",0.0,Source: Storm King's Thunder,Storm King's Thunder
http://dndroll.wikidot.com/creatures:rat,Rat,https://media-waterdeep.cursecdn.com/avatars/thumbnails/16/541/1000/1000/636376335435407571.jpeg,"Tiny beast, unaligned",10,1 (1d4 - 1),Speed 20 ft.,False,False,2 (-4),11 (+0),9 (-1),2 (-4),10 (+0),4 (-3),"Darkvision 30', Passive Perception 10, CR 0 (10 XP)",0.0,"Keen Smell. The rat has advantage on Wisdom (Perception) checks that rely on smell.<br>Bite. Melee Weapon Attack: +0 to hit, reach 5', one target. Hit: 1 piercing damage.<br>Source: Monster Manual",Monster Manual
http://dndroll.wikidot.com/creatures:sheep,Sheep,https://external-content.duckduckgo.com/iu/?u=https%3A%2F%2Fvignette.wikia.nocookie.net%2Fanimals%2Fimages%2Fb%2Fba%2FSheep.jpg%2Frevision%2Flatest%3Fcb%3D20190209033122&f=1&nofb=1&ipt=13222c8609979b819235ee192904f1c977881533e5c37ebcbed509a81e782523&ipo=images,"Small beast, unaligned",10,3 (1d6),Speed 30 ft.,False,False,12 (+1),10 (+0),11 (+0),2 (-4),10 (+0),5 (-3),"Passive Perception 10, CR 0 (0 XP)",0.0,Sure-Footed. The sheep has advantage on Strength and Dexterity saving throws made against effects that would knock it prone.<br>Source: Storm King's Thunder,Storm King's Thunder
http://dndroll.wikidot.com/creatures:vulture,Vulture,https://external-content.duckduckgo.com/iu/?u=https%3A%2F%2Fcms.bbcearth.com%2Fsites%2Fdefault%2Ffiles%2F2021-02%2FGettyImages-1224318495.jpg&f=1&nofb=1&ipt=2fb21129d2c89eb7ec4fe4509276d63624ab849d166ce8e00d653e94dfdf8789&ipo=images,"Medium beast, unaligned",10,5 (1d8 + 1),"Speed 10 ft., fly 50 ft.",True,False,7 (-2),10 (+0),13 (+1),2 (-4),12 (+1),4 (-3),"Perception +3, Passive Perception 13, CR 0 (10 XP)",0.0,"Keen Sight and Smell. The vulture has advantage on Wisdom (Perception) checks that rely on sight or smell.<br>Pack Tactics. The vulture has advantage on an attack roll against a creature if at least one of the vulture's allies is within 5 feet of the creature and the ally isn't incapacitated.<br>Beak. Melee Weapon Attack: +2 to hit, reach 5', one target. Hit: 2 (1d4) piercing damage.<br>Source: Monster Manual",Monster Manual
http://dndroll.wikidot.com/creatures:camel,Camel,https://external-content.duckduckgo.com/iu/?u=https%3A%2F%2F4.bp.blogspot.com%2F-tAk0uC1j15o%2FT65b0uwGcXI%2FAAAAAAAAFvI%2FtZyZDFei-Co%2Fs1600%2Fcamel_2560x1920.jpg&f=1&nofb=1&ipt=ac1b9bd3967eb98ea51cc185c43a8f9d37efd2a3f4504750c2a2932915fe5058&ipo=images,"Large beast, unaligned",9,15 (2d10 + 4),Speed 50 ft.,False,False,16 (+3),8 (-1),14 (+2),2 (-4),8 (-1),5 (-3),"Passive Perception 9, CR 1/8 (25 XP)",0.125,"Bite. Melee Weapon Attack: +5 to hit, reach 5', one target. Hit: 2 (1d4) bludgeoning damage.<br>Source: Monster Manual",Monster Manual
http://dndroll.wikidot.com/creatures:dolphin-legacy,Dolphin,https://external-content.duckduckgo.com/iu/?u=https%3A%2F%2Feskipaper.com%2Fimages%2Fjumping-dolphins-1.jpg&f=1&nofb=1&ipt=eb41a9ba1bc27d3aa05113f57762a7e53daad5b1ce2a5a3f0caa5d0391907da1&ipo=images,"Medium beast, unaligned",12,11 (2d8+2),"Speed 0 ft., swim 60 ft.",False,True,14 (+2),13 (+1),13 (+1),6 (-2),12 (+1),7 (-2),"Perception +3, blindsight 60', CR 1/8 (25 XP)",0.125,"Charge. If the dolphin moves at least 30 feet straight toward a target and then hits it with a slam attack on the same turn, the target takes an extra 3 (1d6) bludgeoning damage.<br>Hold Breath. The dolphin can hold its breath for 20 minutes.<br>Slam. Melee Weapon Attack: +4 to hit, reach 5', one target. Hit: 5 (1d6+2) bludgeoning damage.<br>Dolphins are clever, social marine mammals that feed on small fish and squid. An adult specimen is between 5 and 6 feet long.<br>Source: Volo's Guide to Monsters",Volo's Guide to Monsters
http://dndroll.wikidot.com/creatures:giant-crab,Giant Crab,https://external-content.duckduckgo.com/iu/?u=https%3A%2F%2Fimages.firstwefeast.com%2Fimage%2Fupload%2Fc_limit%252cf_auto%252cfl_lossy%252cq_auto%252cw_1100%2Fwtlm0w7o8tqs58ayen42&f=1&nofb=1&ipt=b1ef35c67ee4d127f2c82775ec5b8f7949d90b73694f72a8a31b62aff53314fa&ipo=images,"Medium beast, unaligned",15,13 (3d8),"Speed 30 ft., swim 30 ft.",False,True,13 (+1),15 (+2),11 (+0),1 (-5),9 (-1),3 (-4),"Stealth +4, Blindsight 30', Passive Perception 9, CR 1/8 (25 XP)",0.125,"Amphibious. The crab can breathe air and water.<br>Claw. Melee Weapon Attack: +3 to hit, reach 5', one target. Hit: 4 (1d6 + 1) bludgeoning damage, and the target is grappled (escape DC 11). The crab has two claws, each of which can grapple only one target.<br>Source: Monster Manual",Monster Manual
http://dndroll.wikidot.com/creatures:giant-rat,Giant Rat,https://media-waterdeep.cursecdn.com/avatars/thumbnails/5634/469/1000/1000/636886889297359232.jpeg,"Small beast, unaligned",12,7 (2d6),Speed 30 ft.,False,False,7 (-2),15 (+2),11 (+0),2 (-4),10 (+0),4 (-3),"Darkvision 60', Passive Perception 10, CR 1/8 (25 XP)",0.125,"Keen Smell. The rat has advantage on Wisdom (Perception) checks that rely on smell.<br>Pack Tactics. The rat has advantage on an attack roll against a creature if at least one of the rat's allies is within 5 feet of the creature and the ally isn't incapacitated.<br>Bite. Melee Weapon Attack: +4 to hit, reach 5', one target. Hit: 4 (1d4 + 2) piercing damage.<br>Source: Monster Manual",Monster Manual
http://dndroll.wikidot.com/creatures:giant-weasel,Giant Weasel,https://external-content.duckduckgo.com/iu/?u=https%3A%2F%2Fwww.ferret-world.com%2Fwp-content%2Fuploads%2F2020%2F08%2FBigstock_-122877607-The-steppe-polecat-Mustela-eversmanii-in-natural-habitat.jpg&f=1&nofb=1&ipt=d8d5c3c6979ff459733d4e0a3425bd52d08ca3927244c181c1cb66f4fa335b75&ipo=images,"Medium beast, unaligned",13,9 (2d8),Speed 40 ft.,False,False,11 (+0),16 (+3),10 (+0),4 (-3),12 (+1),5 (-3),"Perception +3, Stealth +5, Darkvision 60', Passive Perception 13, CR 1/8 (25 XP)",0.125,"Keen Hearing and Smell. The weasel has advantage on Wisdom (Perception) checks that rely on hearing or smell.<br>Bite. Melee Weapon Attack: +5 to hit, reach 5', one target. Hit: 5 (1d4 + 3) piercing damage.<br>Source: Monster Manual",Monster Manual
http://dndroll.wikidot.com/creatures:mastiff,Mastiff,https://media-waterdeep.cursecdn.com/avatars/thumbnails/0/191/1000/1000/636252763295291063.jpeg,"Medium beast, unaligned",12,5 (1d8 + 1),Speed 40 ft.,False,False,13 (+1),14 (+2),12 (+1),3 (-4),12 (+1),7 (-2),"Perception +3, Passive Perception 13, CR 1/8 (25 XP)",0.125,"Keen Hearing and Smell. The mastiff has advantage on Wisdom (Perception) checks that rely on hearing or smell.<br>Bite. Melee Weapon Attack: +3 to hit, reach 5', one target. Hit: 4 (1d6 + 1) piercing damage. If the target is a creature, it must succeed on a DC 11 Strength saving throw or be knocked prone.<br>Mastiffs are impressive hounds prized by humanoids for their loyalty and keen senses. Mastiffs can be trained as guard dogs, hunting dogs, and war dogs. Halflings and other Small humanoids ride them as mounts.<br>Source: Monster Manual",Monster Manual
http://dndroll.wikidot.com/creatures:mule,Mule,https://external-content.duckduckgo.com/iu/?u=http%3A%2F%2Fwww.interestingfunfacts.com%2Ffiles%2F2012%2F04%2Fmules.gif&f=1&nofb=1&ipt=7f34515924398ec31fd62b013601c4b2ba634a53205baa0ca2d36fcef0e52d93&ipo=images,"Medium beast, unaligned",10,11 (2d8 + 2),Speed 40 ft.,False,False,14 (+2),10 (+0),13 (+1),2 (-4),10 (+0),5 (-3),"Passive Perception 10, CR 1/8 (25 XP)",0.125,"Beast of Burden. The mule is considered to be a Large animal for the purpose of determining its carrying capacity.<br>Sure-Footed. The mule has advantage on Strength and Dexterity saving throws made against effects that would knock it prone.<br>Hooves. Melee Weapon Attack: +2 to hit, reach 5', one target. Hit: 4 (1d4 + 2) bludgeoning damage.<br>Source: Monster Manual",Monster Manual
http://dndroll.wikidot.com/creatures:poisonous-snake,Poisonous Snake,https://external-content.duckduckgo.com/iu/?u=https%3A%2F%2Fanimalcorner.org%2Fwp-content%2Fuploads%2F2015%2F02%2Frattlesnake-2.jpg&f=1&nofb=1&ipt=2a43d47d5ece57d7640054a39373d6e63835dcbae000b32d3c1d0cd544e5d5b8&ipo=images,"Tiny beast, unaligned",13,2 (1d4),"Speed 30 ft., swim 30 ft.",False,True,2 (-4),16 (+3),11 (+0),1 (-5),10 (+0),3 (-4),"Blindsight 10', Passive Perception 10, CR 1/8 (25 XP)",0.125,"Bite. Melee Weapon Attack: +5 to hit, reach 5', one target. Hit: 1 piercing damage, and the target must make a DC 10 Constitution saving throw, taking 5 (2d4) poison damage on a failed save, or half as much damage on a successful one.<br>Source: Monster Manual",Monster Manual
http://dndroll.wikidot.com/creatures:pony,Pony,https://external-content.duckduckgo.com/iu/?u=https%3A%2F%2Fusercontent1.hubstatic.com%2F12706092_f120.jpg&f=1&nofb=1&ipt=878f3bea1e4c68d39b2a51a646a16de5495962bb79066787d30d9f5c55d0fdd2&ipo=images,"Medium beast, unaligned",10,11 (2d8 + 2),Speed 40 ft.,False,False,15 (+2),10 (+0),13 (+1),2 (-4),11 (+0),7 (-2),"Passive Perception 10, CR 1/8 (25 XP)",0.125,"Hooves. Melee Weapon Attack: +4 to hit, reach 5', one target. Hit: 7 (2d4 + 2) bludgeoning damage.<br>Source: Monster Manual",Monster Manual
http://dndroll.wikidot.com/creatures:boar,Boar,https://external-content.duckduckgo.com/iu/?u=https%3A%2F%2Ftse3.mm.bing.net%2Fth%3Fid%3DOIP.54ehZtWx5Isho2lSIsjZVQHaFV%26pid%3DApi&f=1&ipt=f5ddf718f362ba6ccd67bbb6db5af19c331da25781a50f5f3b82891641f0d6af&ipo=images,"Medium beast, unaligned",11,11 (2d8 + 2),Speed 40 ft.,False,False,13 (+1),11 (+0),12 (+1),2 (-4),9 (-1),5 (-3),"Passive Perception 9, CR 1/4 (50 XP)",0.25,"Charge. If the boar moves at least 20 feet straight toward a target and then hits it with a tusk attack on the same turn, the target takes an extra 3 (1d6) slashing damage. If the target is a creature, it must succeed on a DC 11 Strength saving throw or be knocked prone.<br>Relentless (Recharges after a Short or Long Rest). If the boar takes 7 damage or less that would reduce it to 0 hit points, it is reduced to 1 hit point instead.<br>Tusk. Melee Weapon Attack: +3 to hit, reach 5', one target. Hit: 4 (1d6 + 1) slashing damage.<br>Source: Monster Manual",Monster Manual
http://dndroll.wikidot.com/creatures:constrictor-snake,Constrictor Snake,https://external-content.duckduckgo.com/iu/?u=https%3A%2F%2F1.bp.blogspot.com%2F-cTPlF0YxFps%2FXlRu74ro0VI%2FAAAAAAABaDc%2F4ZT_cHGh_xcHwfQ-7GGpje4trKvbS5wuwCLcBGAsYHQ%2Fs1600%2FBOA%252BCONSTRICTOR%252B1.JPG&f=1&nofb=1&ipt=06b8afd0ed8efabd04e58467571308140c0e6c7e941ab3bf372541098648b379&ipo=images,"Large beast, unaligned",12,13 (2d10 + 2),"Speed 30 ft., swim 30 ft.",False,True,15 (+2),14 (+2),12 (+1),1 (-5),10 (+0),3 (-4),"Blindsight 10', Passive Perception 10, CR 1/4 (50 XP)",0.25,"Bite. Melee Weapon Attack: +4 to hit, reach 5', one creature. Hit: 5 (1d6 + 2) piercing damage.<br>Constrict. Melee Weapon Attack: +4 to hit, reach 5', one creature. Hit: 6 (1d8 + 2) bludgeoning damage, and the target is grappled (escape DC 14). Until this grapple ends, the creature is restrained, and the snake can't constrict another target.<br>Source: Monster Manual",Monster Manual
http://dndroll.wikidot.com/creatures:draft-horse,Draft Horse,https://external-content.duckduckgo.com/iu/?u=http%3A%2F%2Fmedia.news4jax.com%2Fphoto%2F2015%2F11%2F14%2FClydesdales_417328_ver1.0_1280_720.jpg&f=1&nofb=1&ipt=ebe66dd4e39bbf574d4917f585052074a5617aac9bf6d216cd9d219898652c55&ipo=images,"Large beast, unaligned",10,19 (3d10 + 3),Speed 40 ft.,False,False,18 (+4),10 (+0),12 (+1),2 (-4),11 (+0),7 (-2),"Passive Perception 10, CR 1/4 (50 XP)",0.25,"Hooves. Melee Weapon Attack: +6 to hit, reach 5', one target. Hit: 9 (2d4 + 4) bludgeoning damage.<br>Source: Monster Manual",Monster Manual
http://dndroll.wikidot.com/creatures:elk,Elk,https://external-content.duckduckgo.com/iu/?u=https%3A%2F%2Fwww.josephfiler.com%2Fimages%2Fxl%2FBull-Elk-4005-Edit.jpg&f=1&nofb=1&ipt=f22c045c011b851d3905994f96e6f78ed398e8af22a1c9557cba54ef13dc55fd&ipo=images,"Large beast, unaligned",10,13 (2d10 + 2),Speed 50 ft.,False,False,16 (+3),10 (+0),12 (+1),2 (-4),10 (+0),6 (-2),"Passive Perception 10, CR 1/4 (50 XP)",0.25,"Charge. If the elk moves at least 20 feet straight toward a target and then hits it with a ram attack on the same turn, the target takes an extra 7 (2d6) damage. If the target is a creature, it must succeed on a DC 13 Strength saving throw or be knocked prone.<br>Ram. Melee Weapon Attack: +5 to hit, reach 5', one target. Hit: 6 (1d6 + 3) bludgeoning damage.<br>Hooves. Melee Weapon Attack: +5 to hit, reach 5', one prone creature. Hit: 8 (2d4 + 3) bludgeoning damage.<br>Source: Monster Manual",Monster Manual
http://dndroll.wikidot.com/creatures:giant-badger,Giant Badger,https://media-waterdeep.cursecdn.com/avatars/thumbnails/16/530/1000/1000/636376327839601860.jpeg,"Medium beast, unaligned",10,13 (2d8 + 4),"Speed 30 ft., burrow 10 ft.",False,False,13 (+1),10 (+0),15 (+2),2 (-4),12 (+1),5 (-3),"Darkvision 30', Passive Perception 11, CR 1/4 (50 XP)",0.25,"Keen Smell. The badger has advantage on Wisdom (Perception) checks that rely on smell.<br>Multiattack. The badger makes two attacks: one with its bite and one with its claws.<br>Bite. Melee Weapon Attack: +3 to hit, reach 5', one target. Hit: 4 (1d6 + 1) piercing damage.<br>Claws. Melee Weapon Attack: +3 to hit, reach 5', one target. Hit: 6 (2d4 + 1) slashing damage.<br>Source: Monster Manual",Monster Manual
http://dndroll.wikidot.com/creatures:giant-bat,Giant Bat,https://external-content.duckduckgo.com/iu/?u=https%3A%2F%2Fwp.usatodaysports.com%2Fwp-content%2Fuploads%2Fsites%2F90%2F2016%2F05%2Fscreen-shot-2016-05-30-at-1-46-31-pm.jpg&f=1&nofb=1&ipt=baed968d5614ecef8708a06efb08efebf47a249c371c655ce22a983be0014d08&ipo=images,"Large beast, unaligned",13,22 (4d10),"Speed 10 ft., fly 60 ft.",True,False,15 (+2),16 (+3),11 (+0),2 (-4),12 (+1),6 (-2),"Blindsight 60', Passive Perception 11, CR 1/4 (50 XP)",0.25,"Echolocation. The bat can't use its blindsight while deafened.<br>Keen Hearing. The bat has advantage on Wisdom (Perception) checks that rely on hearing.<br>Bite. Melee Weapon Attack: +4 to hit, reach 5', one creature. Hit: 5 (1d6 + 2) piercing damage.<br>Source: Monster Manual",Monster Manual
http://dndroll.wikidot.com/creatures:giant-lizard,Giant Lizard,https://external-content.duckduckgo.com/iu/?u=https%3A%2F%2Fwww.worldatlas.com%2Fr%2Fw1200-h630-c1200x630%2Fupload%2F97%2Fa9%2Faf%2Fshutterstock-151456793.jpg&f=1&nofb=1&ipt=12e282b02842c68c859181a0d581684b6dc3005d7dc2ae02bd5574d1574bc670&ipo=images,"Large beast, unaligned",12,19 (3d10 + 3),"Speed 30 ft., climb 30 ft.",False,False,15 (+2),12 (+1),13 (+1),2 (-4),10 (+0),5 (-3),"Darkvision 30', Passive Perception 10, CR 1/4 (50 XP)",0.25,"Bite. Melee Weapon Attack: +4 to hit, reach 5', one target. Hit: 6 (1d8 + 2) piercing damage.<br>Source: Monster Manual",Monster Manual
http://dndroll.wikidot.com/creatures:giant-owl,Giant Owl,https://media-waterdeep.cursecdn.com/avatars/thumbnails/16/535/1000/1000/636376331788287090.jpeg,"Large beast, neutral",12,19 (3d10 + 3),"Speed 5 ft., fly 60 ft.",True,False,13 (+1),15 (+2),12 (+1),8 (-1),13 (+1),10 (+0),"Perception +5, Stealth +4, Darkvision 120', Passive Perception 15, Giant Owl , understands Common, Elvish, and Sylvan but can’t speak them, CR 1/4 (50 XP)",0.25,"Flyby. The owl doesn't provoke opportunity attacks when it flies out of an enemy's reach.<br>Keen Hearing and Sight. The owl has advantage on Wisdom (Perception) checks that rely on hearing or sight.<br>Talons. Melee Weapon Attack: +3 to hit, reach 5', one target. Hit: 8 (2d6 + 1) slashing damage.<br>Giant owls often befriend fey and other sylvan creatures and are guardians of their woodland realms.<br>Source: Monster Manual",Monster Manual
http://dndroll.wikidot.com/creatures:giant-poisonous-snake,Giant Poisonous Snake,https://external-content.duckduckgo.com/iu/?u=https%3A%2F%2Ftse3.mm.bing.net%2Fth%3Fid%3DOIP.cc-gT1cddzaMgJ7hdGQ4AAAAAA%26pid%3DApi&f=1&ipt=5b945855d6d18150ed4445cb9dc7299865e8953186fbc461d677ea1bc1cf86df&ipo=images,"Medium beast, unaligned",14,11 (2d8 + 2),"Speed 30 ft., swim 30 ft.",False,True,10 (+0),18 (+4),13 (+1),2 (-4),10 (+0),3 (-4),"Perception +2, Blindsight 10', Passive Perception 12, CR 1/4 (50 XP)",0.25,"Bite. Melee Weapon Attack: +6 to hit, reach 10', one target. Hit: 6 (1d4 + 4) piercing damage, and the target must make a DC 11 Constitution saving throw, taking 10 (3d6) poison damage on a failed save, or half as much damage on a successful one.<br>Source: Monster Manual",Monster Manual
http://dndroll.wikidot.com/creatures:giant-wolf-spider,Giant Wolf Spider,https://external-content.duckduckgo.com/iu/?u=https%3A%2F%2Fa-z-animals.com%2Fmedia%2Fanimals%2Fimages%2Foriginal%2Fwolf_spider_2.jpg&f=1&nofb=1&ipt=253a8a5aaab01664f78d11f43dca142885003bdc0978d3ecf017d464471800c4&ipo=images,"Medium beast, unaligned",13,11 (2d8 + 2),"Speed 40 ft., climb 40 ft.",False,False,12 (+1),16 (+3),13 (+1),3 (-4),12 (+1),4 (-3),"Perception +3, Stealth +7, Blindsight 10', Darkvision 60', Passive Perception 13, CR 1/4 (50 XP)",0.25,"Spider Climb. The spider can climb difficult surfaces, including upside down on ceilings, without needing to make an ability check.<br>Web Sense. While in contact with a web, the spider knows the exact location of any other creature in contact with the same web.<br>Web Walker. The spider ignores movement restrictions caused by webbing.<br>Bite. Melee Weapon Attack: +3 to hit, reach 5', one creature. Hit: 4 (1d6 + 1) piercing damage, and the target must make a DC 11 Constitution saving throw, taking 7 (2d6) poison damage on a failed save, or half as much damage on a successful one. If the poison damage reduces the target to 0 hit points, the target is stable but poisoned for 1 hour, even after regaining hit points, and is paralyzed while poisoned in this way.<br>Smaller than a giant spider, a giant wolf spider hunts prey across open ground or hides in a burrow or crevice, or in a hidden cavity beneath debris.<br>Source: Monster Manual",Monster Manual
http://dndroll.wikidot.com/creatures:panther,Panther,https://external-content.duckduckgo.com/iu/?u=http%3A%2F%2Fupload.wikimedia.org%2Fwikipedia%2Fcommons%2Ff%2Ff0%2FBlack_Panther.JPG&f=1&nofb=1&ipt=2924a3f45c5773ca8c532c38af135895ec86df2bcf11630b9609d98d94fcc906&ipo=images,"Medium beast, unaligned",12,13 (3d8),"Speed 50 ft., climb 40 ft.",False,False,14 (+2),15 (+2),10 (+0),3 (-4),14 (+2),7 (-2),"Perception +4, Stealth +6, Passive Perception 14, CR 1/4 (50 XP)",0.25,"Keen Smell. The panther has advantage on Wisdom (Perception) checks that rely on smell.<br>Pounce. If the panther moves at least 20 feet straight toward a creature and then hits it with a claw attack on the same turn, that target must succeed on a DC 12 Strength saving throw or be knocked prone. If the target is prone, the panther can make one bite attack against it as a bonus action.<br>Bite. Melee Weapon Attack: +4 to hit, reach 5', one target. Hit: 5 (1d6 + 2) piercing damage.<br>Claw. Melee Weapon Attack: +4 to hit, reach 5', one target. Hit: 4 (1d4 + 2) slashing damage.<br>Source: Monster Manual",Monster Manual
http://dndroll.wikidot.com/creatures:riding-horse,Riding Horse,https://media-waterdeep.cursecdn.com/avatars/thumbnails/9/904/1000/1000/636334288913250513.jpeg,"Large beast, unaligned",10,13 (2d10 + 2),Speed 60 ft.,False,False,16 (+3),10 (+0),12 (+1),2 (-4),11 (+0),7 (-2),"Passive Perception 10, CR 1/4 (50 XP)",0.25,"Hooves. Melee Weapon Attack: +5 to hit, reach 5', one target. Hit: 8 (2d4 + 3) bludgeoning damage.<br>Source: Monster Manual",Monster Manual
http://dndroll.wikidot.com/creatures:wolf,Wolf,https://media-waterdeep.cursecdn.com/avatars/thumbnails/16/482/1000/1000/636376300223855327.jpeg,"Medium beast, unaligned",13,11 (2d8 + 2),Speed 40 ft.,False,False,12 (+1),15 (+2),12 (+1),3 (-4),12 (+1),6 (-2),"Perception +3, Stealth +4, Passive Perception 13, CR 1/4 (50 XP)",0.25,"Keen Hearing and Smell. The wolf has advantage on Wisdom (Perception) checks that rely on hearing or smell.<br>Pack Tactics. The wolf has advantage on attack rolls against a creature if at least one of the wolf's allies is within 5 feet of the creature and the ally isn't incapacitated.<br>Bite. Melee Weapon Attack: +4 to hit, reach 5', one target. Hit: 7 (2d4 + 2) piercing damage. If the target is a creature, it must succeed on a DC 11 Strength saving throw or be knocked prone.<br>Source: Monster Manual",Monster Manual
http://dndroll.wikidot.com/creatures:ape,Ape,https://external-content.duckduckgo.com/iu/?u=http%3A%2F%2Fanimals.sandiegozoo.org%2Fsites%2Fdefault%2Ffiles%2F2016-09%2FGorilla_ZN.jpg&f=1&nofb=1&ipt=66809854b0a4cb2962a1ede0b2076da3fe2f35f21c61b671be71932ece0606f0&ipo=images,"Medium beast, unaligned",12,19 (3d8 + 6),"Speed 30 ft., climb 30 ft.",False,False,16 (+3),14 (+2),14 (+2),6 (-2),12 (+1),7 (-2),"Athletics +5, Perception +3, Passive Perception 13, CR 1/2 (100 XP)",0.5,"Multiattack. The ape makes two fist attacks.<br>Fist. Melee Weapon Attack: +5 to hit, reach 5', one target. Hit: 6 (1d6 + 3) bludgeoning damage.<br>Rock. Ranged Weapon Attack: +5 to hit, range 25/50', one target. Hit: 6 (1d6 + 3) bludgeoning damage.<br>Source: Monster Manual",Monster Manual
http://dndroll.wikidot.com/creatures:black-bear,Black Bear,https://external-content.duckduckgo.com/iu/?u=https%3A%2F%2Fwallpaperset.com%2Fw%2Ffull%2F2%2Fb%2Ff%2F119079.jpg&f=1&nofb=1&ipt=cb0109b58e9992d2fc8092da075043ede10989451eefb109681853ba6a638c23&ipo=images,"Medium beast, unaligned",11,19 (3d8 + 6),"Speed 40 ft., climb 30 ft.",False,False,15 (+2),10 (+0),14 (+2),2 (-4),12 (+1),7 (-2),"Perception +3, Passive Perception 13, CR 1/2 (100 XP)",0.5,"Keen Smell. The bear has advantage on Wisdom (Perception) checks that rely on smell.<br>Multiattack. The bear makes two attacks: one with its bite and one with its claws.<br>Bite. Melee Weapon Attack: +4 to hit, reach 5', one target. Hit: 5 (1d6 + 2) piercing damage.<br>Claws. Melee Weapon Attack: +4 to hit, reach 5', one target. Hit: 7 (2d4 + 2) slashing damage.<br>Source: Monster Manual",Monster Manual
http://dndroll.wikidot.com/creatures:crocodile,Crocodile,https://external-content.duckduckgo.com/iu/?u=http%3A%2F%2F1.bp.blogspot.com%2F-qTzM74g1MRg%2FUDcxBaix_tI%2FAAAAAAAAAio%2FJch-0dPod90%2Fs1600%2FCrocodile%2BAfrica%2Bcrocodile%2Balbinos%2Bimage%2Bde%2Bcrocodile%2Beat%2Bman%2Bbaby%2Bwild%2Banimals%2Bcrocodylus%2Bniloticus%2Blion%2Bvs%2Bcrocodile%2Bfacts%2Bcrocodile%2BAmerica%2Bfight%2Bcrocodile%2Bpic%2Bat%2BOkvango-2.jpg&f=1&nofb=1&ipt=5df645b03f82d088d977e27b714591aa2adbf83255047a194557f06986eafcfd&ipo=images,"Large beast, unaligned",12,19 (3d10 + 3),"Speed 20 ft., swim 30 ft.",False,True,15 (+2),10 (+0),13 (+1),2 (-4),10 (+0),5 (-3),"Stealth +2, Passive Perception 10, CR 1/2 (100 XP)",0.5,"Hold Breath. The crocodile can hold its breath for 15 minutes.<br>Bite. Melee Weapon Attack: +4 to hit, reach 5', one creature. Hit: 7 (1d10 + 2) piercing damage, and the target is grappled (escape DC 12). Until this grapple ends, the target is restrained, and the crocodile can't bite another target.<br>Source: Monster Manual",Monster Manual
http://dndroll.wikidot.com/creatures:giant-goat,Giant Goat,https://external-content.duckduckgo.com/iu/?u=https%3A%2F%2F2.bp.blogspot.com%2F-F50T0Phplaw%2FUt5irFUtNrI%2FAAAAAAAABlQ%2FuYJs04jLPqM%2Fs1600%2FBeautiful%2BAnimal%2BGoat%2BWallpapers%2BHD%2B%25252812%252529.jpg&f=1&nofb=1&ipt=99b0f05c171a6727fd009c4e0d02876d70a8858e935fc69534d3bc8d2154eabb&ipo=images,"Large beast, unaligned",11,19 (3d10 + 3),Speed 40 ft.,False,False,17 (+3),11 (+0),12 (+1),3 (-4),12 (+1),6 (-2),"Passive Perception 11, CR 1/2 (100 XP)",0.5,"Charge. If the goat moves at least 20 feet straight toward a target and then hits it with a ram attack on the same turn, the target takes an extra 5 (2d4) bludgeoning damage. If the target is a creature, it must succeed on a DC 13 Strength saving throw or be knocked prone.<br>Sure-Footed. The goat has advantage on Strength and Dexterity saving throws made against effects that would knock it prone.<br>Ram. Melee Weapon Attack: +5 to hit, reach 5', one target. Hit: 8 (2d4 + 3) bludgeoning damage.<br>Source: Monster Manual",Monster Manual
http://dndroll.wikidot.com/creatures:reef-shark,Reef Shark,https://external-content.duckduckgo.com/iu/?u=http%3A%2F%2Fupload.wikimedia.org%2Fwikipedia%2Fcommons%2F5%2F59%2FCaribbean_reef_shark.jpg&f=1&nofb=1&ipt=ab02e33a7b57e7380aef76d1339fac2f1fb71ed9b8634f10b2fb8306be8d5ed0&ipo=images,"Medium beast, unaligned",12,22 (4d8 + 4),"Speed 0 ft., swim 40 ft.",False,True,14 (+2),13 (+1),13 (+1),1 (-5),10 (+0),4 (-3),"Perception +2, Blindsight 30', Passive Perception 12, CR 1/2 (100 XP)",0.5,"Pack Tactics. The shark has advantage on an attack roll against a creature if at least one of the shark's allies is within 5 feet of the creature and the ally isn't incapacitated.<br>Water Breathing. The shark can breathe only underwater.<br>Bite. Melee Weapon Attack: +4 to hit, reach 5', one target. Hit: 6 (1d8 + 2) piercing damage.<br>Smaller than giant sharks and hunter sharks, reef sharks inhabit shallow waters and coral reefs, gathering in small packs to hunt. A full-grown specimen measures 6 to 10 feet long.<br>Source: Monster Manual",Monster Manual
http://dndroll.wikidot.com/creatures:warhorse,Warhorse,https://external-content.duckduckgo.com/iu/?u=https%3A%2F%2Ftabletopcleric.com%2Fwp-content%2Fuploads%2F2023%2F03%2FMedium-Warhorse.jpg&f=1&nofb=1&ipt=fde8e7f3e5f12d4dac345875301ec5b31480b4c88b6d93b85f2aca4fc00614ab&ipo=images,"Large beast, unaligned",11,19 (3d10 + 3),Speed 60 ft.,False,False,18 (+4),12 (+1),13 (+1),2 (-4),12 (+1),7 (-2),"Passive Perception 11, CR 1/2 (100 XP)",0.5,"Trampling Charge. If the horse moves at least 20 feet straight toward a creature and then hits it with a hooves attack on the same turn, that target must succeed on a DC 14 Strength saving throw or be knocked prone. If the target is prone, the horse can make another attack with its hooves against it as a bonus action.<br>Hooves. Melee Weapon Attack: +6 to hit, reach 5', one target. Hit: 11 (2d6 + 4) bludgeoning damage.<br>An armored warhorse has an AC based on the type of barding worn (see the Player's Handbook for more information on barding). The horse's AC includes its Dexterity modifier, where applicable. Barding doesn't alter the horse's challenge rating.<br>Source: Monster Manual",Monster Manual
http://dndroll.wikidot.com/creatures:brown-bear,Brown Bear,https://external-content.duckduckgo.com/iu/?u=https%3A%2F%2Fupload.wikimedia.org%2Fwikipedia%2Fcommons%2F2%2F2a%2FBrown_bear_(Ursus_arctos_arctos)_running.jpg&f=1&nofb=1&ipt=c4d8c1dc569f5ffd7b9e66d878892b17241c8cf96a2ace24a932b4bfb32ec937&ipo=images,"Large beast, unaligned",11,34 (4d10 + 12),"Speed 40 ft., climb 30 ft.",False,False,19 (+4),10 (+0),16 (+3),2 (-4),13 (+1),7 (-2),"Perception +3, Passive Perception 13, CR 1 (200 XP)",1.0,"Keen Smell. The bear has advantage on Wisdom (Perception) checks that rely on smell.<br>Multiattack. The bear makes two attacks: one with its bite and one with its claws.<br>Bite. Melee Weapon Attack: +6 to hit, reach 5', one target. Hit: 8 (1d8 + 4) piercing damage.<br>Claws. Melee Weapon Attack: +6 to hit, reach 5', one target. Hit: 11 (2d6 + 4) slashing damage.<br>Source: Monster Manual",Monster Manual
http://dndroll.wikidot.com/creatures:dire-wolf,Dire Wolf,https://media-waterdeep.cursecdn.com/avatars/thumbnails/16/484/1000/1000/636376300478361995.jpeg,"Large beast, unaligned",14,37 (5d10 + 10),Speed 50 ft.,False,False,17 (+3),15 (+2),15 (+2),3 (-4),12 (+1),7 (-2),"Perception +3, Stealth +4, Passive Perception 13, CR 1 (200 XP)",1.0,"Keen Hearing and Smell. The wolf has advantage on Wisdom (Perception) checks that rely on hearing or smell.<br>Pack Tactics. The wolf has advantage on an attack roll against a creature if at least one of the wolf's allies is within 5 feet of the creature and the ally isn't incapacitated.<br>Bite. Melee Weapon Attack: +5 to hit, reach 5', one target. Hit: 10 (2d6 + 3) piercing damage. If the target is a creature, it must succeed on a DC 13 Strength saving throw or be knocked prone.<br>Source: Monster Manual",Monster Manual
http://dndroll.wikidot.com/creatures:giant-eagle,Giant Eagle,https://media-waterdeep.cursecdn.com/avatars/thumbnails/9/894/1000/1000/636334286969931904.jpeg,"Large beast, neutral good",13,26 (4d10 + 4),"Speed 10 ft., fly 80 ft.",True,False,16 (+3),17 (+3),13 (+1),8 (-1),14 (+2),10 (+0),"Perception +4, Passive Perception 14, Giant Eagle , understands Common and Auran but can't speak them, CR 1 (200 XP)",1.0,"Keen Sight. The eagle has advantage on Wisdom (Perception) checks that rely on sight.<br>Multiattack. The eagle makes two attacks: one with its beak and one with its talons.<br>Beak. Melee Weapon Attack: +5 to hit, reach 5', one target. Hit: 6 (1d6 + 3) piercing damage.<br>Talons. Melee Weapon Attack: +5 to hit, reach 5', one target. Hit: 10 (2d6 + 3) slashing damage.<br>A giant eagle is a noble creature that speaks its own language and understands speech in the Common tongue. A mated pair of giant eagles typically has up to four eggs or young in their nest (treat the young as normal eagles).<br>Source: Monster Manual",Monster Manual
http://dndroll.wikidot.com/creatures:giant-hyena,Giant Hyena,https://external-content.duckduckgo.com/iu/?u=https%3A%2F%2Fwallpapercave.com%2Fwp%2FQbthvpA.jpg&f=1&nofb=1&ipt=ab6f905ac0b538635ca0db4fd4af36b96ce480143b2b3f3cb44b263d13c58044&ipo=images,"Large beast, unaligned",12,45 (6d10 + 12),Speed 50 ft.,False,False,16 (+3),14 (+2),14 (+2),2 (-4),12 (+1),7 (-2),"Perception +3, Passive Perception 13, CR 1 (200 XP)",1.0,"Rampage. When the hyena reduces a creature to 0 hit points with a melee attack on its turn, the hyena can take a bonus action to move up to half its speed and make a bite attack.<br>Bite. Melee Weapon Attack: +5 to hit, reach 5', one target. Hit: 10 (2d6 + 3) piercing damage.<br>Source: Monster Manual",Monster Manual
http://dndroll.wikidot.com/creatures:giant-octopus,Giant Octopus,https://media-waterdeep.cursecdn.com/avatars/thumbnails/9/898/1000/1000/636334288003435302.jpeg,"Large beast, unaligned",11,52 (8d10 + 8),"Speed 10 ft., swim 60 ft.",False,True,17 (+3),13 (+1),13 (+1),4 (-3),10 (+0),4 (-3),"Perception +4, Stealth +5, Darkvision 60', Passive Perception 14, CR 1 (200 XP)",1.0,"Hold Breath. While out of water, the octopus can hold its breath for 1 hour.<br>Underwater Camouflage. The octopus has advantage on Dexterity (Stealth) checks made while underwater.<br>Water Breathing. The octopus can breathe only underwater.<br>Tentacles. Melee Weapon Attack: +5 to hit, reach 15', one target. Hit: 10 (2d6 + 3) bludgeoning damage. If the target is a creature, it is grappled (escape DC 16). Until this grapple ends, the target is restrained, and the octopus can't use its tentacles on another target.<br>Ink Cloud (Recharges after a Short or Long Rest). A 20- foot-radius cloud of ink extends all around the octopus if it is underwater. The area is heavily obscured for 1 minute, although a significant current can disperse the ink. After releasing the ink, the octopus can use the Dash action as a bonus action.<br>Source: Monster Manual",Monster Manual
http://dndroll.wikidot.com/creatures:giant-spider,Giant Spider,https://media-waterdeep.cursecdn.com/avatars/thumbnails/0/323/1000/1000/636252775648743317.jpeg,"Large beast, unaligned",14,26 (4d10 + 4),"Speed 30 ft., climb 30 ft.",False,False,14 (+2),16 (+3),12 (+1),2 (-4),11 (+0),4 (-3),"Stealth +7, Blindsight 10', Darkvision 60', Passive Perception 10, CR 1 (200 XP)",1.0,"Spider Climb. The spider can climb difficult surfaces, including upside down on ceilings, without needing to make an ability check.<br>Web Sense. While in contact with a web, the spider knows the exact location of any other creature in contact with the same web.<br>Web Walker. The spider ignores movement restrictions caused by webbing.<br>Bite. Melee Weapon Attack: +5 to hit, reach 5', one creature. Hit: 7 (1d8 + 3) piercing damage, and the target must make a DC 11 Constitution saving throw, taking 9 (2d8) poison damage on a failed save, or half as much damage on a successful one. If the poison damage reduces the target to 0 hit points, the target is stable but poisoned for 1 hour, even after regaining hit points, and is paralyzed while poisoned in this way.<br>Web (Recharge 5–6). Ranged Weapon Attack: +5 to hit, range 30/60', one creature. Hit: The target is restrained by webbing. As an action, the restrained target can make a DC 12 Strength check, bursting the webbing on a success. The webbing can also be attacked and destroyed (AC 10; hp 5; vulnerability to fire damage; immunity to bludgeoning, poison, and psychic damage).<br>To snare its prey, a giant spider spins elaborate webs or shoots sticky strands of webbing from its abdomen. Giant spiders are most commonly found underground, making their lairs on ceilings or in dark, web-filled crevices. Such lairs are often festooned with web cocoons holding past victims.<br>Source: Monster Manual",Monster Manual
http://dndroll.wikidot.com/creatures:giant-toad,Giant Toad,https://external-content.duckduckgo.com/iu/?u=https%3A%2F%2Fa-z-animals.com%2Fmedia%2Fanimals%2Fimages%2Foriginal%2Fcommon_toad7.jpg&f=1&nofb=1&ipt=bc79692d4271f5ac51a6e655e21ce9ce05b782ff901c616060dd3ca3a372b4da&ipo=images,"Large beast, unaligned",11,39 (6d10 + 6),"Speed 20 ft., swim 40 ft.",False,True,15 (+2),13 (+1),13 (+1),2 (-4),10 (+0),3 (-4),"Darkvision 30', Passive Perception 10, CR 1 (200 XP)",1.0,"Amphibious. The toad can breathe air and water.<br>Standing Leap. The toad's long jump is up to 20 feet and its high jump is up to 10 feet, with or without a running start.<br>Bite. Melee Weapon Attack: +4 to hit, reach 5', one target. Hit: 7 (1d10 + 2) piercing damage plus 5 (1d10) poison damage, and the target is grappled (escape DC 13). Until this grapple ends, the target is restrained, and the toad can't bite another target.<br>Swallow. The toad makes one bite attack against a Medium or smaller target it is grappling. If the attack hits, the target is swallowed, and the grapple ends. The swallowed target is blinded and restrained, it has total cover against attacks and other effects outside the toad, and it takes 10 (3d6) acid damage at the start of each of the toad's turns. The toad can have only one target swallowed at a time. If the toad dies, a swallowed creature is no longer restrained by it and can escape from the corpse using 5 feet of movement, exiting prone.<br>Source: Monster Manual",Monster Manual
http://dndroll.wikidot.com/creatures:giant-vulture,Giant Vulture,https://external-content.duckduckgo.com/iu/?u=https%3A%2F%2Fa-z-animals.com%2Fmedia%2F2021%2F11%2Fshutterstock_1990076855.jpg&f=1&nofb=1&ipt=02fb93f477f623e438c7358f55c15fe63efaf61e7a1e92a9f43aa1e8d3b0a382&ipo=images,"Large beast, neutral evil",10,22 (3d10 + 6),"Speed 10 ft., fly 60 ft.",True,False,15 (+2),10 (+0),15 (+2),6 (-2),12 (+1),7 (-2),"Perception +3, Passive Perception 13, Understands Common but can't speak it, CR 1 (200 XP)",1.0,"Keen Sight and Smell. The vulture has advantage on Wisdom (Perception) checks that rely on sight or smell.<br>Pack Tactics. The vulture has advantage on an attack roll against a creature if at least one of the vulture's allies is within 5 feet of the creature and the ally isn't incapacitated.<br>Multiattack. The vulture makes two attacks: one with its beak and one with its talons.<br>Beak. Melee Weapon Attack: +4 to hit, reach 5', one target. Hit: 7 (2d4 + 2) piercing damage.<br>Talons. Melee Weapon Attack: +4 to hit, reach 5', one target. Hit: 9 (2d6 + 2) slashing damage.<br>A giant vulture has advanced intelligence and a malevolent bent. Unlike its smaller kin, it will attack a wounded creature to hasten its end. Giant vultures have been known to haunt a thirsty, starving creature for days to enjoy its suffering.<br>Source: Monster Manual",Monster Manual
http://dndroll.wikidot.com/creatures:lion,Lion,https://external-content.duckduckgo.com/iu/?u=http%3A%2F%2Fupload.wikimedia.org%2Fwikipedia%2Fcommons%2F4%2F49%2FMale_Lion_on_Rock.jpg&f=1&nofb=1&ipt=8fc6612a169d3cc67159c6eca9ca4c7ce6086ff33f98f5e536a0868be8e7cc6b&ipo=images,"Large beast, unaligned",12,26 (4d10 + 4),Speed 50 ft.,False,False,17 (+3),15 (+2),13 (+1),3 (-4),12 (+1),8 (-1),"Perception +3, Stealth +6, Passive Perception 13, CR 1 (200 XP)",1.0,"Keen Smell. The lion has advantage on Wisdom (Perception) checks that rely on smell.<br>Pack Tactics. The lion has advantage on an attack roll against a creature if at least one of the lion’s allies is within 5 feet of the creature and the ally isn’t incapacitated.<br>Pounce. If the lion moves at least 20 feet straight toward a creature and then hits it with a claw attack on the same turn, that target must succeed on a DC 13 Strength saving throw or be knocked prone. If the target is prone, the lion can make one bite attack against it as a bonus action.<br>Running Leap. With a 10-foot running start, the lion can long jump up to 25 feet.<br>Bite. Melee Weapon Attack: +5 to hit, reach 5', one target. Hit: 7 (1d8 + 3) piercing damage.<br>Claw. Melee Weapon Attack: +5 to hit, reach 5', one target. Hit: 6 (1d6 + 3) slashing damage.<br>Source: Monster Manual",Monster Manual
http://dndroll.wikidot.com/creatures:tiger,Tiger,https://external-content.duckduckgo.com/iu/?u=http%3A%2F%2Fupload.wikimedia.org%2Fwikipedia%2Fcommons%2F4%2F41%2FSiberischer_tiger_de_edit02.jpg&f=1&nofb=1&ipt=c8b0f7f044fbd035778b5afb1301ea0c27479226c71e50bf5c47b0ef7e55c64e&ipo=images,"Large beast, unaligned",12,37 (5d10 + 10),Speed 40 ft.,False,False,17 (+3),15 (+2),14 (+2),3 (-4),12 (+1),8 (-1),"Perception +3, Stealth +6, Darkvision 60', Passive Perception 13, CR 1 (200 XP)",1.0,"Keen Smell. The tiger has advantage on Wisdom (Perception) checks that rely on smell.<br>Pounce. If the tiger moves at least 20 feet straight toward a creature and then hits it with a claw attack on the same turn, that target must succeed on a DC 13 Strength saving throw or be knocked prone. If the target is prone, the tiger can make one bite attack against it as a bonus action.<br>Bite. Melee Weapon Attack: +5 to hit, reach 5', one target. Hit: 8 (1d10 + 3) piercing damage.<br>Claw. Melee Weapon Attack: +5 to hit, reach 5', one target. Hit: 7 (1d8 + 3) slashing damage.<br>Source: Monster Manual",Monster Manual
http://dndroll.wikidot.com/creatures:aurochs-legacy,Aurochs,https://media-waterdeep.cursecdn.com/avatars/thumbnails/9/839/1000/1000/636332242296676823.jpeg,"Large beast, unaligned",11,38 (4d10+16),Speed 50 ft.,False,False,20 (+5),10 (0),19 (+4),2 (-4),12 (+1),5 (-3),"passive Perception 11, -, CR 2 (450 XP)",2.0,"Charge. If the aurochs moves at least 20 feet straight toward a target and then hits it with a gore attack on the same turn, the target takes an extra 9 (2d8) piercing damage. If the target is a creature, it must succeed on a DC 15 Strength saving throw or be knocked prone.<br>Gore. Melee Weapon Attack: +7 to hit, reach 5', one target. Hit: 14 (2d8+5) piercing damage.<br>Bahgtru, son of Gruumsh and Luthic, is the orc deity of unbridled strength. Legend says Bahgtru needed a mount as fierce as him for making war, so he sought a mighty aurochs, subjugated the creature with his bare hands, and hauled it to Nishrek, Gruumsh's realm. Bahgtru named the beast Kazaht, or ""Bull"" in Orc. On Kazaht's bare back, Bahgtru charges into battle, ramming into an enemy host and leaping over the aurochs's horns to land in the midst of his foes.<br>Orcs that revere Bahgtru might tend a stable of war bulls that carry them into combat. Trained to be fierce mounts from a young age, aurochs are sacred symbols of Bahgtru. No orc will eat such creatures, which are treated as honored warriors when they perish.<br>Source: Volo's Guide to Monsters",Volo's Guide to Monsters
http://dndroll.wikidot.com/creatures:cave-bear,Cave Bear,https://external-content.duckduckgo.com/iu/?u=https%3A%2F%2Fimages.theconversation.com%2Ffiles%2F386433%2Foriginal%2Ffile-20210225-23-4pg6wh.jpg%3Fixlib%3Drb-1.1.0%26rect%3D22%252C231%252C2107%252C1052%26q%3D45%26auto%3Dformat%26w%3D1356%26h%3D668%26fit%3Dcrop&f=1&nofb=1&ipt=476b78ee53b901740378daf78c829c0fdcb9e8f9422b6c6e8b8264909d20f01f&ipo=images,"Large beast, unaligned",12,42 (5d10+15),"Speed 40 ft., swim 30 ft.",False,True,20 (+5),10 (0),16 (+3),2 (-4),13 (+1),7 (-2),"Perception +3, darkvision 60', CR 2 (450 XP)",2.0,"Keen Smell. The bear has advantage on Wisdom (Perception) checks that rely on smell.<br>Multiattack. The bear makes two attacks: one with its bite and one with its claws.<br>Bite. Melee Weapon Attack: +7 to hit, reach 5', one target. Hit: 9 (1d8 + 5) piercing damage.<br>Claws. Melee Weapon Attack: +7 to hit, reach 5', one target. Hit: 12 (2d6 + 5) slashing damage.<br>Some bears have adapted to life underground, feeding on subterranean lichen and blind fish. Known as cave bears, these ill-tempered behemoths have coarse, dark hair and darkvision out to a range of 60 feet.<br>Source: Monster Manual",Monster Manual
http://dndroll.wikidot.com/creatures:giant-boar,Giant Boar,https://external-content.duckduckgo.com/iu/?u=https%3A%2F%2Fpreview.redd.it%2Fmlxkk35ggmg41.jpg%3Fwidth%3D960%26crop%3Dsmart%26auto%3Dwebp%26s%3De1295bd769520321c1e8f5ff2c537127a24c57cf&f=1&nofb=1&ipt=b56f8ad13593192c0b822f6857bee97eaaea96501a902568ceb756528adb42c2&ipo=images,"Large beast, unaligned",12,42 (5d10 + 15),Speed 40 ft.,False,False,17 (+3),10 (+0),16 (+3),2 (-4),7 (-2),5 (-3),"Passive Perception 8, CR 2 (450 XP)",2.0,"Charge. If the boar moves at least 20 feet straight toward a target and then hits it with a tusk attack on the same turn, the target takes an extra 7 (2d6) slashing damage. If the target is a creature, it must succeed on a DC 13 Strength saving throw or be knocked prone.<br>Relentless (Recharges after a Short or Long Rest). If the boar takes 10 damage or less that would reduce it to 0 hit points, it is reduced to 1 hit point instead.<br>Tusk. Melee Weapon Attack: +5 to hit, reach 5', one target. Hit: 10 (2d6 + 3) slashing damage.<br>Source: Monster Manual",Monster Manual
http://dndroll.wikidot.com/creatures:giant-constrictor-snake,Giant Constrictor Snake,https://external-content.duckduckgo.com/iu/?u=https%3A%2F%2Fa-z-animals.com%2Fmedia%2F2021%2F05%2FBiggest-Snakes_-The-African-Rock-Python-1024x535.jpg&f=1&nofb=1&ipt=8194ff9d1cdb3ea155779366446902a33674cd1650fb1459a740d3c3dfceaf6e&ipo=images,"Huge beast, unaligned",12,60 (8d12 + 8),"Speed 30 ft., swim 30 ft.",False,True,19 (+4),14 (+2),12 (+1),1 (-5),10 (+0),3 (-4),"Perception +2, Blindsight 10', Passive Perception 12, CR 2 (450 XP)",2.0,"Bite. Melee Weapon Attack: +6 to hit, reach 10', one creature. Hit: 11 (2d6 + 4) piercing damage.<br>Constrict. Melee Weapon Attack: +6 to hit, reach 5', one creature. Hit: 13 (2d8 + 4) bludgeoning damage, and the target is grappled (escape DC 16). Until this grapple ends, the creature is restrained, and the snake can't constrict another target.<br>Source: Monster Manual",Monster Manual
http://dndroll.wikidot.com/creatures:giant-crayfish,Giant Crayfish,https://external-content.duckduckgo.com/iu/?u=http%3A%2F%2F1.bp.blogspot.com%2F-jNBeyITn0bo%2FTuIoVMnUytI%2FAAAAAAAADro%2Fx4IDwGIZ6JE%2Fs1600%2FGiant%2Bcrayfish.jpg&f=1&nofb=1&ipt=9986608f99f819c09438083c2c53f39d7036e44ff8408c5030dea6302089cb13&ipo=images,"Large beast, unaligned",15,45 (7d10+7),"Speed 30 ft., swim 30 ft.",False,True,15 (+2),13 (+1),13 (+1),1 (-5),9 (-1),3 (-4),"Stealth +3, blindsight 30', CR 2 (450 XP)",2.0,"Amphibious. The giant crayfish can breathe air and water.<br>Multiattack. The giant crayfish makes two claw attacks.<br>Claw. Melee Weapon Attack: +4 to hit, reach 5', one target. Hit: 7 (1d10 + 2) bludgeoning damage, and the target is grappled (escape DC 12). The crayfish has two claws, each of which can grapple only one target.<br>Source: The Hidden Shrine of Tamoachan",The Hidden Shrine of Tamoachan
http://dndroll.wikidot.com/creatures:giant-elk,Giant Elk,https://external-content.duckduckgo.com/iu/?u=https%3A%2F%2Fi.ytimg.com%2Fvi%2F_OTWmnINBTs%2Fmaxresdefault.jpg&f=1&nofb=1&ipt=2e893eb57c4e1ffe084167cc6c125c6b4a5abb903fe99278605244eda62a2311&ipo=images,"Huge beast, unaligned",14,42 (5d12 + 10),Speed 60 ft.,False,False,19 (+4),16 (+3),14 (+2),7 (-2),14 (+2),10 (+0),"Perception +4, Passive Perception 14, Giant Elk , understands Common, Elvish, and Sylvan but can't speak them, CR 2 (450 XP)",2.0,"Charge. If the elk moves at least 20 feet straight toward a target and then hits it with a ram attack on the same turn, the target takes an extra 7 (2d6) damage. If the target is a creature, it must succeed on a DC 14 Strength saving throw or be knocked prone.<br>Ram. Melee Weapon Attack: +6 to hit, reach 10', one target. Hit: 11 (2d6 + 4) bludgeoning damage.<br>Hooves. Melee Weapon Attack: +6 to hit, reach 5', one prone creature. Hit: 22 (4d8 + 4) bludgeoning damage.<br>The majestic giant elk is rare to the point that its appearance is often taken as a foreshadowing of an important event, such as the birth of a king. Legends tell of gods that take the form of giant elk when visiting the Material Plane. Many cultures therefore believe that to hunt these creatures is to invite divine wrath.<br>Source: Monster Manual",Monster Manual
http://dndroll.wikidot.com/creatures:hunter-shark,Hunter Shark,https://external-content.duckduckgo.com/iu/?u=https%3A%2F%2Fs19.postimg.cc%2F6bfypw1j7%2Fghost_shark1.png&f=1&nofb=1&ipt=85a5a79287b4ddb53f673ca2715b4a874ea049396a114498eed179b0abcab50a&ipo=images,"Large beast, unaligned",12,45 (6d10 + 12),"Speed 0 ft., swim 40 ft.",False,True,18 (+4),13 (+1),15 (+2),1 (-5),10 (+0),4 (-3),"Perception +2, Blindsight 30', Passive Perception 12, CR 2 (450 XP)",2.0,"Blood Frenzy. The shark has advantage on melee attack rolls against any creature that doesn't have all its hit points.<br>Water Breathing. The shark can breathe only underwater.<br>Bite. Melee Weapon Attack: +6 to hit, reach 5', one target. Hit: 13 (2d8 + 4) piercing damage.<br>Smaller than a giant shark but larger and fiercer than a reef shark, a hunter shark haunts deep waters. It usually hunts alone, but multiple hunter sharks might feed in the same area. A fully grown hunter shark is 15 to 20 feet long.<br>Source: Monster Manual",Monster Manual
http://dndroll.wikidot.com/creatures:polar-bear,Polar Bear,https://external-content.duckduckgo.com/iu/?u=https%3A%2F%2Fheartlandtravel.ca%2Fwp-content%2Fuploads%2F2017%2F04%2FNov-5-2016-Barbara-Chapman-P-Bear-Face.jpg&f=1&nofb=1&ipt=78fe2a594f383752ec2fde18699bbc8915c87819cf863fc207b3dbcf855f0072&ipo=images,"Large beast, unaligned",12,42 (5d10 + 15),"Speed 40 ft., swim 30 ft.",False,True,20 (+5),10 (+0),16 (+3),2 (-4),13 (+1),7 (-2),"Perception +3, Passive Perception 13, CR 2 (450 XP)",2.0,"Keen Smell. The bear has advantage on Wisdom (Perception) checks that rely on smell.<br>Multiattack. The bear makes two attacks: one with its bite and one with its claws.<br>Bite. Melee Weapon Attack: +7 to hit, reach 5', one target. Hit: 9 (1d8 + 5) piercing damage.<br>Claws. Melee Weapon Attack: +7 to hit, reach 5', one target. Hit: 12 (2d6 + 5) slashing damage.<br>Source: Monster Manual",Monster Manual
http://dndroll.wikidot.com/creatures:rhinoceros,Rhinoceros,https://external-content.duckduckgo.com/iu/?u=https%3A%2F%2Fget.pxhere.com%2Fphoto%2Fnature-animal-wildlife-zoo-mammal-fauna-rhino-rhinoceros-large-hard-safari-825625.jpg&f=1&nofb=1&ipt=41e6ddb303a55ba1df2f00c22e52378ddce104a1ba94ab13091565b9228a032f&ipo=images,"Large beast, unaligned",11,45 (6d10 + 12),Speed 40 ft.,False,False,21 (+5),8 (-1),15 (+2),2 (-4),12 (+1),6 (-2),"Passive Perception 11, CR 2 (450 XP)",2.0,"Charge. If the rhinoceros moves at least 20 feet straight toward a target and then hits it with a gore attack on the same turn, the target takes an extra 9 (2d8) bludgeoning damage. If the target is a creature, it must succeed on a DC 15 Strength saving throw or be knocked prone.<br>Gore. Melee Weapon Attack: +7 to hit, reach 5', one target. Hit: 14 (2d8 + 5) bludgeoning damage.<br>Source: Monster Manual",Monster Manual
http://dndroll.wikidot.com/creatures:saber-toothed-tiger,Saber-Toothed Tiger,https://external-content.duckduckgo.com/iu/?u=https%3A%2F%2Fallthatsinteresting.com%2Fwordpress%2Fwp-content%2Fuploads%2F2020%2F03%2Fsaber-tooth-tiger-illustration.jpg&f=1&nofb=1&ipt=33a1f1982cec4849ff725faae3f2e0f2cc371fc9acdddb30ca090aca5f43bd88&ipo=images,"Large beast, unaligned",12,52 (7d10 + 14),Speed 40 ft.,False,False,18 (+4),14 (+2),15 (+2),3 (-4),12 (+1),8 (-1),"Perception +3, Stealth +6, Passive Perception 13, CR 2 (450 XP)",2.0,"Keen Smell. The tiger has advantage on Wisdom (Perception) checks that rely on smell.<br>Pounce. If the tiger moves at least 20 feet straight toward a creature and then hits it with a claw attack on the same turn, that target must succeed on a DC 14 Strength saving throw or be knocked prone. If the target is prone, the tiger can make one bite attack against it as a bonus action.<br>Bite. Melee Weapon Attack: +6 to hit, reach 5', one target. Hit: 10 (1d10 + 5) piercing damage.<br>Claw. Melee Weapon Attack: +6 to hit, reach 5', one target. Hit: 12 (2d6 + 5) slashing damage.<br>Source: Monster Manual",Monster Manual
